{
  "accuracy": 0.6009852216748769,
  "f1_macro": 0.5952500658383011,
  "f1_weighted": 0.5895489937796515
}