{
  "accuracy": 0.7044334975369458,
  "f1_macro": 0.695450042619854,
  "f1_weighted": 0.6877321891170762
}