{
  "accuracy": 0.39901477832512317,
  "f1_macro": 0.19014084507042253,
  "f1_weighted": 0.2276070214389787
}