{
  "accuracy": 0.8719211822660099,
  "f1_macro": 0.8785992782674414,
  "f1_weighted": 0.8727810575024288
}