{
  "accuracy": 0.8669950738916257,
  "f1_macro": 0.8707482198161799,
  "f1_weighted": 0.8676778640697409
}